Month,°Ë»ö·®
Feb-16,0
Mar-16,0
Apr-16,0
May-16,0
Jun-16,0
Jul-16,0
Aug-16,0
Sep-16,0
Oct-16,0
Nov-16,0
Dec-16,0
Jan-17,0
Feb-17,0
Mar-17,0
Apr-17,0
May-17,0
Jun-17,0
Jul-17,0
Aug-17,0
Sep-17,0
Oct-17,0
Nov-17,0
Dec-17,0
Jan-18,0
Feb-18,0
Mar-18,0
Apr-18,0
May-18,0
Jun-18,0
Jul-18,0
Aug-18,0
Sep-18,0
Oct-18,0
Nov-18,0
Dec-18,0
Jan-19,0
Feb-19,0
Mar-19,0
Apr-19,0
May-19,0
Jun-19,0
Jul-19,0
Aug-19,0
Sep-19,0
Oct-19,0
Nov-19,0
Dec-19,0
Jan-20,7
Feb-20,62
Mar-20,58
Apr-20,100
May-20,33
Jun-20,26
Jul-20,21
Aug-20,37
Sep-20,25
Oct-20,19
Nov-20,28
Dec-20,45
Jan-21,25
Feb-21,18
Mar-21,15
Apr-21,19
Mar-21,15
Apr-21,19
